Titulo,Precio_Texto,Precio_Numerico,Ubicacion,Texto_Completo
Cuenca · 65 km,90 $,90.0,Desconocida,Captura genérica (Fallback)
Notificarme,90 $,90.0,Desconocida,Captura genérica (Fallback)
SAMSUNG S10,155 $,155.0,"Cuenca, A",Captura genérica (Fallback)
SAMSUNG S10,155 $,155.0,"Cuenca, A",Captura genérica (Fallback)
Samsung Galaxy S9 Plus de 128Gb como nuevo libre homologado con mica protector y accesorios,200 $,200.0,"Cuenca, A",Captura genérica (Fallback)
Samsung Galaxy S9 Plus de 128Gb como nuevo libre homologado con mica protector y accesorios,200 $,200.0,"Cuenca, A",Captura genérica (Fallback)
Samsung A55  5G,375 $,375.0,"Cuenca, A",Captura genérica (Fallback)
Samsung A55  5G,375 $,375.0,"Cuenca, A",Captura genérica (Fallback)
Nuevo Samsung A56 sellado Negro,90 $,90.0,"Cuenca, A",Captura genérica (Fallback)
Nuevo Samsung A56 sellado Negro,90 $,90.0,"Cuenca, A",Captura genérica (Fallback)
Vendo a33 Samsung,340 $,340.0,"Cuenca, A",Captura genérica (Fallback)
Vendo a33 Samsung,400 $,400.0,"Cuenca, A",Captura genérica (Fallback)
Producto sin título,400 $,400.0,"Cuenca, A",Captura genérica (Fallback)
Samsung Galaxy S21 Ultra 5G Phantom Black Edition,255 $,255.0,"Machala, O",Captura genérica (Fallback)
Samsung Galaxy S21 Ultra 5G Phantom Black Edition,255 $,255.0,"Machala, O",Captura genérica (Fallback)
Samsung Galaxy S23,130 $,130.0,"Quito, P",Captura genérica (Fallback)
Samsung Galaxy S23,130 $,130.0,"Quito, P",Captura genérica (Fallback)
Se vende SAMSUNG GALAXY NOTE 10 de 256 gb detalle en el glas no afecta en nada,250 $,250.0,"Calderón, P",Captura genérica (Fallback)
Se vende SAMSUNG GALAXY NOTE 10 de 256 gb detalle en el glas no afecta en nada,270 $,270.0,"Calderón, P",Captura genérica (Fallback)
Producto sin título,270 $,270.0,"Calderón, P",Captura genérica (Fallback)
Samsung S22+,265 $,265.0,"Eloy Alfaro, G",Captura genérica (Fallback)
Samsung S22+,265 $,265.0,"Eloy Alfaro, G",Captura genérica (Fallback)
Samsung Galaxy S22 Plus,180 $,180.0,"Quito, P",Captura genérica (Fallback)
Samsung Galaxy S22 Plus,200 $,200.0,"Quito, P",Captura genérica (Fallback)
Producto sin título,200 $,200.0,"Quito, P",Captura genérica (Fallback)
Vendo Samsung S22,230 $,230.0,"Cayambe, P",Captura genérica (Fallback)
Vendo Samsung S22,230 $,230.0,"Cayambe, P",Captura genérica (Fallback)
Samsung Galaxy S22,140 $,140.0,"Quito, P",Captura genérica (Fallback)
Samsung Galaxy S22,160 $,160.0,"Quito, P",Captura genérica (Fallback)
Producto sin título,160 $,160.0,"Quito, P",Captura genérica (Fallback)
Hermoso Samsung Galaxy S20 FE 5G 😍,200 $,200.0,"Riobamba, H",Captura genérica (Fallback)
Hermoso Samsung Galaxy S20 FE 5G 😍,200 $,200.0,"Riobamba, H",Captura genérica (Fallback)
Samsung Galaxy S20 Ultra 5G 128 GB 12 de ram,600 $,600.0,"Montecristi, M",Captura genérica (Fallback)
Samsung Galaxy S20 Ultra 5G 128 GB 12 de ram,600 $,600.0,"Montecristi, M",Captura genérica (Fallback)
Samsung S25 Ultra 512Gb Gris,360 $,360.0,"Loja, L",Captura genérica (Fallback)
Samsung S25 Ultra 512Gb Gris,360 $,360.0,"Loja, L",Captura genérica (Fallback)
Samsung galaxy S24. 256gb,340 $,340.0,"Guayaquil, G",Captura genérica (Fallback)
Samsung galaxy S24. 256gb,340 $,340.0,"Guayaquil, G",Captura genérica (Fallback)
Samsung Galaxy  S 21 Ultra,190 $,190.0,"Loja, L",Captura genérica (Fallback)
Samsung Galaxy  S 21 Ultra,190 $,190.0,"Loja, L",Captura genérica (Fallback)
Samsung Galaxy Note 10+,185 $,185.0,"Quito, P",Captura genérica (Fallback)
Samsung Galaxy Note 10+,185 $,185.0,"Quito, P",Captura genérica (Fallback)
"SAMSUNG GALAXY S22 (MINIMO DETALLE,NO AFECTA EN NADA)
128GB INTERNAS // 8GB RAM",320 $,320.0,"Guayaquil, G",Captura genérica (Fallback)
"SAMSUNG GALAXY S22 (MINIMO DETALLE,NO AFECTA EN NADA)
128GB INTERNAS // 8GB RAM",320 $,320.0,"Guayaquil, G",Captura genérica (Fallback)
Samsung Galaxy S24 - 256gb,165 $,165.0,"Guayaquil, G",Captura genérica (Fallback)
Samsung Galaxy S24 - 256gb,165 $,165.0,"Guayaquil, G",Captura genérica (Fallback)
Samsung s21fe,130 $,130.0,"Atuntaqui, I",Captura genérica (Fallback)
Samsung s21fe,140 $,140.0,"Atuntaqui, I",Captura genérica (Fallback)
Producto sin título,140 $,140.0,"Atuntaqui, I",Captura genérica (Fallback)
Samsung Galaxy S10 Plus,299 $,299.0,"Ambato, T",Captura genérica (Fallback)
Samsung Galaxy S10 Plus,299 $,299.0,"Ambato, T",Captura genérica (Fallback)
Samsung Galaxy S23,260 $,260.0,"Salinas, SE",Captura genérica (Fallback)
Samsung Galaxy S23,260 $,260.0,"Salinas, SE",Captura genérica (Fallback)
Samsung Note 10 Plus,160 $,160.0,"Loja, L",Captura genérica (Fallback)
Samsung Note 10 Plus,160 $,160.0,"Loja, L",Captura genérica (Fallback)
Vendo teléfono Samsung galaxy noté 10 plus,185 $,185.0,"Pelileo, T",Captura genérica (Fallback)
Vendo teléfono Samsung galaxy noté 10 plus,250 $,250.0,"Pelileo, T",Captura genérica (Fallback)
Producto sin título,250 $,250.0,"Pelileo, T",Captura genérica (Fallback)
Samsung Galaxy S10 Plus ✅,170 $,170.0,"Ambato, T",Captura genérica (Fallback)
Samsung Galaxy S10 Plus ✅,170 $,170.0,"Ambato, T",Captura genérica (Fallback)
Samsung Galaxy S21 FE,150 $,150.0,"Quito, P",Captura genérica (Fallback)
Samsung Galaxy S21 FE,150 $,150.0,"Quito, P",Captura genérica (Fallback)
"Samsung Note 10 256gb
Precio FIJO",400 $,400.0,"Machala, O",Captura genérica (Fallback)
"Samsung Note 10 256gb
Precio FIJO",400 $,400.0,"Machala, O",Captura genérica (Fallback)
Samsung Galaxy S22+,150 $,150.0,"Los Lojas, G",Captura genérica (Fallback)
Samsung Galaxy S22+,150 $,150.0,"Los Lojas, G",Captura genérica (Fallback)
Samsung galaxy S10,185 $,185.0,"Riobamba, H",Captura genérica (Fallback)
Samsung galaxy S10,195 $,195.0,"Riobamba, H",Captura genérica (Fallback)
Producto sin título,195 $,195.0,"Riobamba, H",Captura genérica (Fallback)
Se vende ;Samsung  Galaxy S10 + 128gb,580 $,580.0,"Loja, L",Captura genérica (Fallback)
Se vende ;Samsung  Galaxy S10 + 128gb,580 $,580.0,"Loja, L",Captura genérica (Fallback)
SAMSUNG GALAXY S24 ULTRA TRAIDO DE EE.UU.,125 $,125.0,"Riobamba, H",Captura genérica (Fallback)
SAMSUNG GALAXY S24 ULTRA TRAIDO DE EE.UU.,149 $,149.0,"Riobamba, H",Captura genérica (Fallback)
Producto sin título,149 $,149.0,"Riobamba, H",Captura genérica (Fallback)
Samsung Galaxy Note 9 Rosa,350 $,350.0,"Riobamba, H",Captura genérica (Fallback)
Samsung Galaxy Note 9 Rosa,350 $,350.0,"Riobamba, H",Captura genérica (Fallback)
Samsung galaxy s24 Fe,180 $,180.0,"Quito, P",Captura genérica (Fallback)
Samsung galaxy s24 Fe,180 $,180.0,"Quito, P",Captura genérica (Fallback)
Samsung Galaxy A54 5G - con caja,325 $,325.0,"Guayaquil, G",Captura genérica (Fallback)
Samsung Galaxy A54 5G - con caja,325 $,325.0,"Guayaquil, G",Captura genérica (Fallback)
"📱Samsung Galaxy S23 Plus📱
         Funciona al 100%",400 $,400.0,"Tumbaco, P",Captura genérica (Fallback)
"📱Samsung Galaxy S23 Plus📱
         Funciona al 100%",500 $,500.0,"Tumbaco, P",Captura genérica (Fallback)
Producto sin título,500 $,500.0,"Tumbaco, P",Captura genérica (Fallback)
"Samsung Galaxy S23 Ultra (SM-S918B/DS, 512GB ROM, 12GB RAM, Phantom Black",150 $,150.0,"Salinas, SE",Captura genérica (Fallback)
"Samsung Galaxy S23 Ultra (SM-S918B/DS, 512GB ROM, 12GB RAM, Phantom Black",200 $,200.0,"Salinas, SE",Captura genérica (Fallback)
Producto sin título,200 $,200.0,"Salinas, SE",Captura genérica (Fallback)
Samsung Galaxy S9+,650 $,650.0,"Riobamba, H",Captura genérica (Fallback)
Samsung Galaxy S9+,650 $,650.0,"Riobamba, H",Captura genérica (Fallback)
